title,number,cluster,year,words_in_cluster
On the Cloture Motion S. 908,s908,4,1995,"['secretary', 'u.s.', 'united', 'foreign', 'united', 'defense', 'officer', 'activities', 'funding', 'department', 'international', 'intelligence', 'agencies', 'security', 'government', 'title', 'president', 'congress', 'military', 'committees', 'federal', 'assistance', 'director', 'establishes', 'countries', 'directs', 'sec', 'informational', 'personnel', 'sec']"
On the Amendment S.Amdt. 2893 to S.Amdt. 2885 to S. 143 (Job Training Consolidation Act of 1995),s143,3,1995,"['title', 'child', 'secretary', 'funding', 'subtitle', 'support', 'federal', 'provisions', 'grant', 'educational', 'assistance', 'health', 'care', 'establishes', 'activities', 'payments', 'individuals', 'revise', 'plans', 'public', 'informational', 'eligible', 'make', 'fy', 'families', 'tax', 'income', 'set', 'parents', 'development']"
On the Cloture Motion S. 1664,s1664,0,1996,"['alien', 'visa', 'amends', 'immigrant', 'nations', 'immigrant', 'amends', 'attorney', 'attorney', 'petition', 'directs', 'directs', 'nonimmigrant', 'deportation', 'border', 'consideration', 'illegal', 'illegal', 'forth', 'set', 'child', 'adopt', 'u.s.', 'set', 'age', 'closed', 'respect', 'natural', 'sponsor', 'parents']"
On the Motion to Table S.Amdt. 3036 to S. 1357 (Balanced Budget Reconciliation Act of 1995),s1357,3,1996,"['title', 'child', 'secretary', 'funding', 'subtitle', 'support', 'federal', 'provisions', 'grant', 'educational', 'assistance', 'health', 'care', 'establishes', 'activities', 'payments', 'individuals', 'revise', 'plans', 'public', 'informational', 'eligible', 'make', 'fy', 'families', 'tax', 'income', 'set', 'parents', 'development']"
"On the Motion (motion to waive cba re: sec. 2909, pg 651, ln11 thru pg 654, ln 2)",s1956,3,1996,"['title', 'child', 'secretary', 'funding', 'subtitle', 'support', 'federal', 'provisions', 'grant', 'educational', 'assistance', 'health', 'care', 'establishes', 'activities', 'payments', 'individuals', 'revise', 'plans', 'public', 'informational', 'eligible', 'make', 'fy', 'families', 'tax', 'income', 'set', 'parents', 'development']"
On Passage of the Bill H.R. 4278,hr4278,1,1996,"['funding', 'department', 'federal', 'appropriations', 'administration', 'agencies', 'title', 'officer', 'make', 'secretary', 'supplemental', 'assistance', 'available', 'fy', 'prohibitions', 'emergency', 'supplemental', 'agriculture', 'health', 'related', 'loan', 'chapter', 'educational', 'sec', 'rescinds', 'management', 'defense', 'development', 'housing', 'commissions']"
On Passage: H R 667 Violent Criminal Incarceration Act,hr667,2,1995,"['federal', 'court', 'funding', 'attorney', 'crime', 'u.s.', 'criminal', 'personal', 'grant', 'offenses', 'attorney', 'justice', 'title', 'foreign', 'enforcing', 'prisoner', 'terrorist', 'provisions', 'activities', 'agencies', 'officer', 'victims', 'department', 'united', 'law', 'regarding', 'commissions', 'informational', 'sec', 'make']"
On Passage: H R 668 Criminal Alien Deportation Improvements Act of 1995,hr668,0,1995,"['alien', 'visa', 'amends', 'immigrant', 'nations', 'immigrant', 'amends', 'attorney', 'attorney', 'petition', 'directs', 'directs', 'nonimmigrant', 'deportation', 'border', 'consideration', 'illegal', 'illegal', 'forth', 'set', 'child', 'adopt', 'u.s.', 'set', 'age', 'closed', 'respect', 'natural', 'sponsor', 'parents']"
On Passage: H R 1271 Family Privacy Protection Act,hr1271,3,1995,"['title', 'child', 'secretary', 'funding', 'subtitle', 'support', 'federal', 'provisions', 'grant', 'educational', 'assistance', 'health', 'care', 'establishes', 'activities', 'payments', 'individuals', 'revise', 'plans', 'public', 'informational', 'eligible', 'make', 'fy', 'families', 'tax', 'income', 'set', 'parents', 'development']"
On Agreeing to the Conference Report: H R 889 Emergency Defense Supplemental Appropriations,hr889,1,1995,"['funding', 'department', 'federal', 'appropriations', 'administration', 'agencies', 'title', 'officer', 'make', 'secretary', 'supplemental', 'assistance', 'available', 'fy', 'prohibitions', 'emergency', 'supplemental', 'agriculture', 'health', 'related', 'loan', 'chapter', 'educational', 'sec', 'rescinds', 'management', 'defense', 'development', 'housing', 'commissions']"
On Agreeing to the Conference Report: H R 1158 Supplemental Appropriations and Making Recissions,hr1158,1,1995,"['funding', 'department', 'federal', 'appropriations', 'administration', 'agencies', 'title', 'officer', 'make', 'secretary', 'supplemental', 'assistance', 'available', 'fy', 'prohibitions', 'emergency', 'supplemental', 'agriculture', 'health', 'related', 'loan', 'chapter', 'educational', 'sec', 'rescinds', 'management', 'defense', 'development', 'housing', 'commissions']"
On Passage: H R 1944 Making Emergency Supplemental Appropriations,hr1944,1,1995,"['funding', 'department', 'federal', 'appropriations', 'administration', 'agencies', 'title', 'officer', 'make', 'secretary', 'supplemental', 'assistance', 'available', 'fy', 'prohibitions', 'emergency', 'supplemental', 'agriculture', 'health', 'related', 'loan', 'chapter', 'educational', 'sec', 'rescinds', 'management', 'defense', 'development', 'housing', 'commissions']"
"On Passage: H R 1617 Consolidated and Reformed Education, Employment, and Rehabilitation Systems",hr1617,3,1995,"['title', 'child', 'secretary', 'funding', 'subtitle', 'support', 'federal', 'provisions', 'grant', 'educational', 'assistance', 'health', 'care', 'establishes', 'activities', 'payments', 'individuals', 'revise', 'plans', 'public', 'informational', 'eligible', 'make', 'fy', 'families', 'tax', 'income', 'set', 'parents', 'development']"
On Agreeing to the Conference Report: H R 4 Personal Responsibility Act of 1995,hr4,3,1995,"['title', 'child', 'secretary', 'funding', 'subtitle', 'support', 'federal', 'provisions', 'grant', 'educational', 'assistance', 'health', 'care', 'establishes', 'activities', 'payments', 'individuals', 'revise', 'plans', 'public', 'informational', 'eligible', 'make', 'fy', 'families', 'tax', 'income', 'set', 'parents', 'development']"
"Passage, Objection of the President Notwithstanding: H R 2076 Commerce, Justice, State, Judiciary Appropriations, FY 1996",hr2076,2,1996,"['federal', 'court', 'funding', 'attorney', 'crime', 'u.s.', 'criminal', 'personal', 'grant', 'offenses', 'attorney', 'justice', 'title', 'foreign', 'enforcing', 'prisoner', 'terrorist', 'provisions', 'activities', 'agencies', 'officer', 'victims', 'department', 'united', 'law', 'regarding', 'commissions', 'informational', 'sec', 'make']"
On Passage: H R 2703 To Combat Terrorism,hr2703,2,1996,"['federal', 'court', 'funding', 'attorney', 'crime', 'u.s.', 'criminal', 'personal', 'grant', 'offenses', 'attorney', 'justice', 'title', 'foreign', 'enforcing', 'prisoner', 'terrorist', 'provisions', 'activities', 'agencies', 'officer', 'victims', 'department', 'united', 'law', 'regarding', 'commissions', 'informational', 'sec', 'make']"
"On Ordering the Previous Question: H RES 384 Providing for the consideration of H.R. 2202, Immigration and National Interest Act",hres384,0,1996,"['alien', 'visa', 'amends', 'immigrant', 'nations', 'immigrant', 'amends', 'attorney', 'attorney', 'petition', 'directs', 'directs', 'nonimmigrant', 'deportation', 'border', 'consideration', 'illegal', 'illegal', 'forth', 'set', 'child', 'adopt', 'u.s.', 'set', 'age', 'closed', 'respect', 'natural', 'sponsor', 'parents']"
On Agreeing to the Conference Report: S 735 Anti-Terrorism Act,s735,2,1996,"['federal', 'court', 'funding', 'attorney', 'crime', 'u.s.', 'criminal', 'personal', 'grant', 'offenses', 'attorney', 'justice', 'title', 'foreign', 'enforcing', 'prisoner', 'terrorist', 'provisions', 'activities', 'agencies', 'officer', 'victims', 'department', 'united', 'law', 'regarding', 'commissions', 'informational', 'sec', 'make']"
On Agreeing to the Conference Report: H R 3019 Omnibus Appropriations for Fiscal Year 1996,hr3019,1,1996,"['funding', 'department', 'federal', 'appropriations', 'administration', 'agencies', 'title', 'officer', 'make', 'secretary', 'supplemental', 'assistance', 'available', 'fy', 'prohibitions', 'emergency', 'supplemental', 'agriculture', 'health', 'related', 'loan', 'chapter', 'educational', 'sec', 'rescinds', 'management', 'defense', 'development', 'housing', 'commissions']"
"Passage, Objection of the President Notwithstanding: H R 1561 American Overseas Interests Act",hr1561,4,1996,"['secretary', 'u.s.', 'united', 'foreign', 'united', 'defense', 'officer', 'activities', 'funding', 'department', 'international', 'intelligence', 'agencies', 'security', 'government', 'title', 'president', 'congress', 'military', 'committees', 'federal', 'assistance', 'director', 'establishes', 'countries', 'directs', 'sec', 'informational', 'personnel', 'sec']"
On Agreeing to the Amendment: Amendment 14 to H R 3259,hr3259,4,1996,"['secretary', 'u.s.', 'united', 'foreign', 'united', 'defense', 'officer', 'activities', 'funding', 'department', 'international', 'intelligence', 'agencies', 'security', 'government', 'title', 'president', 'congress', 'military', 'committees', 'federal', 'assistance', 'director', 'establishes', 'countries', 'directs', 'sec', 'informational', 'personnel', 'sec']"
"On Passage: H R 3814 Commerce, Justice, State, the Judiciary Appropriation, FY 1997",hr3814,1,1996,"['funding', 'department', 'federal', 'appropriations', 'administration', 'agencies', 'title', 'officer', 'make', 'secretary', 'supplemental', 'assistance', 'available', 'fy', 'prohibitions', 'emergency', 'supplemental', 'agriculture', 'health', 'related', 'loan', 'chapter', 'educational', 'sec', 'rescinds', 'management', 'defense', 'development', 'housing', 'commissions']"
On Agreeing to the Conference Report: H R 3734 Welfare and Medicaid Reform Act of 1996,hr3734,3,1996,"['title', 'child', 'secretary', 'funding', 'subtitle', 'support', 'federal', 'provisions', 'grant', 'educational', 'assistance', 'health', 'care', 'establishes', 'activities', 'payments', 'individuals', 'revise', 'plans', 'public', 'informational', 'eligible', 'make', 'fy', 'families', 'tax', 'income', 'set', 'parents', 'development']"
On Agreeing to the Resolution: H RES 528 Waiving points of order against the conference report to accompany H.R. 2202; Immigration and Nationality Act,hres528,0,1996,"['alien', 'visa', 'amends', 'immigrant', 'nations', 'immigrant', 'amends', 'attorney', 'attorney', 'petition', 'directs', 'directs', 'nonimmigrant', 'deportation', 'border', 'consideration', 'illegal', 'illegal', 'forth', 'set', 'child', 'adopt', 'u.s.', 'set', 'age', 'closed', 'respect', 'natural', 'sponsor', 'parents']"
On Agreeing to the Conference Report: H R 2202 Immigration Act of 1995,hr2202,0,1996,"['alien', 'visa', 'amends', 'immigrant', 'nations', 'immigrant', 'amends', 'attorney', 'attorney', 'petition', 'directs', 'directs', 'nonimmigrant', 'deportation', 'border', 'consideration', 'illegal', 'illegal', 'forth', 'set', 'child', 'adopt', 'u.s.', 'set', 'age', 'closed', 'respect', 'natural', 'sponsor', 'parents']"
"On Passage: H R 4134 To amend the Immigration and Nationality Act to authorize States to deny public education benefits to aliens not lawfully present in the U.S. who are not enrolled in public schools during the period beginning September 1, 1996, and ending July 1, 1997",hr4134,0,1996,"['alien', 'visa', 'amends', 'immigrant', 'nations', 'immigrant', 'amends', 'attorney', 'attorney', 'petition', 'directs', 'directs', 'nonimmigrant', 'deportation', 'border', 'consideration', 'illegal', 'illegal', 'forth', 'set', 'child', 'adopt', 'u.s.', 'set', 'age', 'closed', 'respect', 'natural', 'sponsor', 'parents']"
On Agreeing to the Conference Report: H R 3610 Department of Defense Appropriations for F.Y. 1997,hr3610,1,1996,"['funding', 'department', 'federal', 'appropriations', 'administration', 'agencies', 'title', 'officer', 'make', 'secretary', 'supplemental', 'assistance', 'available', 'fy', 'prohibitions', 'emergency', 'supplemental', 'agriculture', 'health', 'related', 'loan', 'chapter', 'educational', 'sec', 'rescinds', 'management', 'defense', 'development', 'housing', 'commissions']"
On the Amendment S.Amdt. 395 to S. 903 (Foreign Affairs Reform and Restructuring Act of 1997),s903,4,1997,"['secretary', 'u.s.', 'united', 'foreign', 'united', 'defense', 'officer', 'activities', 'funding', 'department', 'international', 'intelligence', 'agencies', 'security', 'government', 'title', 'president', 'congress', 'military', 'committees', 'federal', 'assistance', 'director', 'establishes', 'countries', 'directs', 'sec', 'informational', 'personnel', 'sec']"
On Passage of the Bill S. 947,s947,3,1997,"['title', 'child', 'secretary', 'funding', 'subtitle', 'support', 'federal', 'provisions', 'grant', 'educational', 'assistance', 'health', 'care', 'establishes', 'activities', 'payments', 'individuals', 'revise', 'plans', 'public', 'informational', 'eligible', 'make', 'fy', 'families', 'tax', 'income', 'set', 'parents', 'development']"
On Passage of the Bill S. 936,s936,4,1997,"['secretary', 'u.s.', 'united', 'foreign', 'united', 'defense', 'officer', 'activities', 'funding', 'department', 'international', 'intelligence', 'agencies', 'security', 'government', 'title', 'president', 'congress', 'military', 'committees', 'federal', 'assistance', 'director', 'establishes', 'countries', 'directs', 'sec', 'informational', 'personnel', 'sec']"
On Passage of the Bill S. 1022,s1022,2,1997,"['federal', 'court', 'funding', 'attorney', 'crime', 'u.s.', 'criminal', 'personal', 'grant', 'offenses', 'attorney', 'justice', 'title', 'foreign', 'enforcing', 'prisoner', 'terrorist', 'provisions', 'activities', 'agencies', 'officer', 'victims', 'department', 'united', 'law', 'regarding', 'commissions', 'informational', 'sec', 'make']"
On Passage of the Bill S. 1061,s1061,1,1997,"['funding', 'department', 'federal', 'appropriations', 'administration', 'agencies', 'title', 'officer', 'make', 'secretary', 'supplemental', 'assistance', 'available', 'fy', 'prohibitions', 'emergency', 'supplemental', 'agriculture', 'health', 'related', 'loan', 'chapter', 'educational', 'sec', 'rescinds', 'management', 'defense', 'development', 'housing', 'commissions']"
On the Concurrent Resolution S.Con.Res. 86,sconres86,3,1998,"['title', 'child', 'secretary', 'funding', 'subtitle', 'support', 'federal', 'provisions', 'grant', 'educational', 'assistance', 'health', 'care', 'establishes', 'activities', 'payments', 'individuals', 'revise', 'plans', 'public', 'informational', 'eligible', 'make', 'fy', 'families', 'tax', 'income', 'set', 'parents', 'development']"
On Passage of the Bill S. 1723,s1723,0,1998,"['alien', 'visa', 'amends', 'immigrant', 'nations', 'immigrant', 'amends', 'attorney', 'attorney', 'petition', 'directs', 'directs', 'nonimmigrant', 'deportation', 'border', 'consideration', 'illegal', 'illegal', 'forth', 'set', 'child', 'adopt', 'u.s.', 'set', 'age', 'closed', 'respect', 'natural', 'sponsor', 'parents']"
On the Amendment S.Amdt. 3118 to S. 1882 (Higher Education Amendments of 1998 Community Scholarship Mobilization Act Education of the Deaf Amendments of 1998),s1882,3,1998,"['title', 'child', 'secretary', 'funding', 'subtitle', 'support', 'federal', 'provisions', 'grant', 'educational', 'assistance', 'health', 'care', 'establishes', 'activities', 'payments', 'individuals', 'revise', 'plans', 'public', 'informational', 'eligible', 'make', 'fy', 'families', 'tax', 'income', 'set', 'parents', 'development']"
On Passage of the Bill S. 2260,s2260,2,1998,"['federal', 'court', 'funding', 'attorney', 'crime', 'u.s.', 'criminal', 'personal', 'grant', 'offenses', 'attorney', 'justice', 'title', 'foreign', 'enforcing', 'prisoner', 'terrorist', 'provisions', 'activities', 'agencies', 'officer', 'victims', 'department', 'united', 'law', 'regarding', 'commissions', 'informational', 'sec', 'make']"
"On the Motion to Table S.Amdt. 3379 to S. 2312 (Treasury Department Appropriations Act, 1999)",s2312,4,1998,"['secretary', 'u.s.', 'united', 'foreign', 'united', 'defense', 'officer', 'activities', 'funding', 'department', 'international', 'intelligence', 'agencies', 'security', 'government', 'title', 'president', 'congress', 'military', 'committees', 'federal', 'assistance', 'director', 'establishes', 'countries', 'directs', 'sec', 'informational', 'personnel', 'sec']"
On Passage of the Bill S. 2334,s2334,4,1998,"['secretary', 'u.s.', 'united', 'foreign', 'united', 'defense', 'officer', 'activities', 'funding', 'department', 'international', 'intelligence', 'agencies', 'security', 'government', 'title', 'president', 'congress', 'military', 'committees', 'federal', 'assistance', 'director', 'establishes', 'countries', 'directs', 'sec', 'informational', 'personnel', 'sec']"
On Passage: H J RES 58 Disapprove Certification of Mexico,hjres58,4,1997,"['secretary', 'u.s.', 'united', 'foreign', 'united', 'defense', 'officer', 'activities', 'funding', 'department', 'international', 'intelligence', 'agencies', 'security', 'government', 'title', 'president', 'congress', 'military', 'committees', 'federal', 'assistance', 'director', 'establishes', 'countries', 'directs', 'sec', 'informational', 'personnel', 'sec']"
"On Passage: H R 1385 Employment, Training, and Literacy Enhancement Act",hr1385,3,1997,"['title', 'child', 'secretary', 'funding', 'subtitle', 'support', 'federal', 'provisions', 'grant', 'educational', 'assistance', 'health', 'care', 'establishes', 'activities', 'payments', 'individuals', 'revise', 'plans', 'public', 'informational', 'eligible', 'make', 'fy', 'families', 'tax', 'income', 'set', 'parents', 'development']"
Previous Question on Motion to Refer Veto Message: H R 1469 Emergency Supplemental Appropriations,hr1469,1,1997,"['funding', 'department', 'federal', 'appropriations', 'administration', 'agencies', 'title', 'officer', 'make', 'secretary', 'supplemental', 'assistance', 'available', 'fy', 'prohibitions', 'emergency', 'supplemental', 'agriculture', 'health', 'related', 'loan', 'chapter', 'educational', 'sec', 'rescinds', 'management', 'defense', 'development', 'housing', 'commissions']"
"On Passage: H R 1871 Supplemental Appropriations, FY 1997",hr1871,1,1997,"['funding', 'department', 'federal', 'appropriations', 'administration', 'agencies', 'title', 'officer', 'make', 'secretary', 'supplemental', 'assistance', 'available', 'fy', 'prohibitions', 'emergency', 'supplemental', 'agriculture', 'health', 'related', 'loan', 'chapter', 'educational', 'sec', 'rescinds', 'management', 'defense', 'development', 'housing', 'commissions']"
On Agreeing to the Conference Report: H R 2015 Balanced Budget Act of 1997,hr2015,3,1997,"['title', 'child', 'secretary', 'funding', 'subtitle', 'support', 'federal', 'provisions', 'grant', 'educational', 'assistance', 'health', 'care', 'establishes', 'activities', 'payments', 'individuals', 'revise', 'plans', 'public', 'informational', 'eligible', 'make', 'fy', 'families', 'tax', 'income', 'set', 'parents', 'development']"
Suspend the rules and pass: H R 2027 Canadian Border Boat Landing Permits,hr2027,0,1997,"['alien', 'visa', 'amends', 'immigrant', 'nations', 'immigrant', 'amends', 'attorney', 'attorney', 'petition', 'directs', 'directs', 'nonimmigrant', 'deportation', 'border', 'consideration', 'illegal', 'illegal', 'forth', 'set', 'child', 'adopt', 'u.s.', 'set', 'age', 'closed', 'respect', 'natural', 'sponsor', 'parents']"
On Passage: H J RES 94 Making continuing Appropriations for the fiscal year 1998,hjres94,1,1997,"['funding', 'department', 'federal', 'appropriations', 'administration', 'agencies', 'title', 'officer', 'make', 'secretary', 'supplemental', 'assistance', 'available', 'fy', 'prohibitions', 'emergency', 'supplemental', 'agriculture', 'health', 'related', 'loan', 'chapter', 'educational', 'sec', 'rescinds', 'management', 'defense', 'development', 'housing', 'commissions']"
On motion to suspend rules and pass: S 1161 Refugee Assistance Authorization,s1161,0,1997,"['alien', 'visa', 'amends', 'immigrant', 'nations', 'immigrant', 'amends', 'attorney', 'attorney', 'petition', 'directs', 'directs', 'nonimmigrant', 'deportation', 'border', 'consideration', 'illegal', 'illegal', 'forth', 'set', 'child', 'adopt', 'u.s.', 'set', 'age', 'closed', 'respect', 'natural', 'sponsor', 'parents']"
"On Motion to Instruct Conferees: H R 1757 Foreign Relations Authorization Act, FY’s 1998 and 1999",hr1757,4,1997,"['secretary', 'u.s.', 'united', 'foreign', 'united', 'defense', 'officer', 'activities', 'funding', 'department', 'international', 'intelligence', 'agencies', 'security', 'government', 'title', 'president', 'congress', 'military', 'committees', 'federal', 'assistance', 'director', 'establishes', 'countries', 'directs', 'sec', 'informational', 'personnel', 'sec']"
"On Motion to Table the Motion to Reconsider: H R 2607 District of Columbia Appropriations, FY 1998",hr2607,3,1997,"['title', 'child', 'secretary', 'funding', 'subtitle', 'support', 'federal', 'provisions', 'grant', 'educational', 'assistance', 'health', 'care', 'establishes', 'activities', 'payments', 'individuals', 'revise', 'plans', 'public', 'informational', 'eligible', 'make', 'fy', 'families', 'tax', 'income', 'set', 'parents', 'development']"
"Suspend Rules and Pass, As Amended: H R 2464 Exempt Internationally Adopted Children From Vaccines",hr2464,0,1997,"['alien', 'visa', 'amends', 'immigrant', 'nations', 'immigrant', 'amends', 'attorney', 'attorney', 'petition', 'directs', 'directs', 'nonimmigrant', 'deportation', 'border', 'consideration', 'illegal', 'illegal', 'forth', 'set', 'child', 'adopt', 'u.s.', 'set', 'age', 'closed', 'respect', 'natural', 'sponsor', 'parents']"
On Agreeing to the Conference Report: H R 1119 National Defense Authorization Act,hr1119,4,1997,"['secretary', 'u.s.', 'united', 'foreign', 'united', 'defense', 'officer', 'activities', 'funding', 'department', 'international', 'intelligence', 'agencies', 'security', 'government', 'title', 'president', 'congress', 'military', 'committees', 'federal', 'assistance', 'director', 'establishes', 'countries', 'directs', 'sec', 'informational', 'personnel', 'sec']"
"Suspend the rules and pass, as amended: H R 1493 Identification of Criminal Aliens",hr1493,0,1997,"['alien', 'visa', 'amends', 'immigrant', 'nations', 'immigrant', 'amends', 'attorney', 'attorney', 'petition', 'directs', 'directs', 'nonimmigrant', 'deportation', 'border', 'consideration', 'illegal', 'illegal', 'forth', 'set', 'child', 'adopt', 'u.s.', 'set', 'age', 'closed', 'respect', 'natural', 'sponsor', 'parents']"
"On Agreeing to the Conference Report: H R 2264 Labor, Health, and Human Services Appropriations for F.Y. 1998",hr2264,1,1997,"['funding', 'department', 'federal', 'appropriations', 'administration', 'agencies', 'title', 'officer', 'make', 'secretary', 'supplemental', 'assistance', 'available', 'fy', 'prohibitions', 'emergency', 'supplemental', 'agriculture', 'health', 'related', 'loan', 'chapter', 'educational', 'sec', 'rescinds', 'management', 'defense', 'development', 'housing', 'commissions']"
On motion to suspend the rules and pass: H R 2920 U.S.-Canadian Border Controls,hr2920,0,1997,"['alien', 'visa', 'amends', 'immigrant', 'nations', 'immigrant', 'amends', 'attorney', 'attorney', 'petition', 'directs', 'directs', 'nonimmigrant', 'deportation', 'border', 'consideration', 'illegal', 'illegal', 'forth', 'set', 'child', 'adopt', 'u.s.', 'set', 'age', 'closed', 'respect', 'natural', 'sponsor', 'parents']"
"On Agreeing to the Conference Report: H R 2267 Commerce, State, Justice, the Judiciary Appropriations, FY 1998",hr2267,2,1997,"['federal', 'court', 'funding', 'attorney', 'crime', 'u.s.', 'criminal', 'personal', 'grant', 'offenses', 'attorney', 'justice', 'title', 'foreign', 'enforcing', 'prisoner', 'terrorist', 'provisions', 'activities', 'agencies', 'officer', 'victims', 'department', 'united', 'law', 'regarding', 'commissions', 'informational', 'sec', 'make']"
"On Motion to Suspend the Rules and Pass, as Amended: H R 1428 Voter Eligibility Verification Act",hr1428,0,1998,"['alien', 'visa', 'amends', 'immigrant', 'nations', 'immigrant', 'amends', 'attorney', 'attorney', 'petition', 'directs', 'directs', 'nonimmigrant', 'deportation', 'border', 'consideration', 'illegal', 'illegal', 'forth', 'set', 'child', 'adopt', 'u.s.', 'set', 'age', 'closed', 'respect', 'natural', 'sponsor', 'parents']"
On Passage: H R 3130 Child Support Performance Act of 1998,hr3130,3,1998,"['title', 'child', 'secretary', 'funding', 'subtitle', 'support', 'federal', 'provisions', 'grant', 'educational', 'assistance', 'health', 'care', 'establishes', 'activities', 'payments', 'individuals', 'revise', 'plans', 'public', 'informational', 'eligible', 'make', 'fy', 'families', 'tax', 'income', 'set', 'parents', 'development']"
On Passage: H R 2578 Visa Waiver Pilot Program,hr2578,0,1998,"['alien', 'visa', 'amends', 'immigrant', 'nations', 'immigrant', 'amends', 'attorney', 'attorney', 'petition', 'directs', 'directs', 'nonimmigrant', 'deportation', 'border', 'consideration', 'illegal', 'illegal', 'forth', 'set', 'child', 'adopt', 'u.s.', 'set', 'age', 'closed', 'respect', 'natural', 'sponsor', 'parents']"
On Motion to Suspend the Rules and Pass: H R 3581 Campaign Reform and Election Integrity Act of 1998,hr3581,3,1998,"['title', 'child', 'secretary', 'funding', 'subtitle', 'support', 'federal', 'provisions', 'grant', 'educational', 'assistance', 'health', 'care', 'establishes', 'activities', 'payments', 'individuals', 'revise', 'plans', 'public', 'informational', 'eligible', 'make', 'fy', 'families', 'tax', 'income', 'set', 'parents', 'development']"
On Passage: H R 6 Higher Education Amendments of 1998,hr6,3,1998,"['title', 'child', 'secretary', 'funding', 'subtitle', 'support', 'federal', 'provisions', 'grant', 'educational', 'assistance', 'health', 'care', 'establishes', 'activities', 'payments', 'individuals', 'revise', 'plans', 'public', 'informational', 'eligible', 'make', 'fy', 'families', 'tax', 'income', 'set', 'parents', 'development']"
On Passage: H R 2431 Freedom from Religious Persecution Act,hr2431,4,1998,"['secretary', 'u.s.', 'united', 'foreign', 'united', 'defense', 'officer', 'activities', 'funding', 'department', 'international', 'intelligence', 'agencies', 'security', 'government', 'title', 'president', 'congress', 'military', 'committees', 'federal', 'assistance', 'director', 'establishes', 'countries', 'directs', 'sec', 'informational', 'personnel', 'sec']"
On Passage: H R 3989 User Fee Act,hr3989,3,1998,"['title', 'child', 'secretary', 'funding', 'subtitle', 'support', 'federal', 'provisions', 'grant', 'educational', 'assistance', 'health', 'care', 'establishes', 'activities', 'payments', 'individuals', 'revise', 'plans', 'public', 'informational', 'eligible', 'make', 'fy', 'families', 'tax', 'income', 'set', 'parents', 'development']"
On Agreeing to the Resolution: H CON RES 284 Budget Resolution for Fiscal Year 1999,hconres284,3,1998,"['title', 'child', 'secretary', 'funding', 'subtitle', 'support', 'federal', 'provisions', 'grant', 'educational', 'assistance', 'health', 'care', 'establishes', 'activities', 'payments', 'individuals', 'revise', 'plans', 'public', 'informational', 'eligible', 'make', 'fy', 'families', 'tax', 'income', 'set', 'parents', 'development']"
"On Passage: H R 4276 Commerce, Justice, State, Judiciary Appropriations, FY 1999",hr4276,2,1998,"['federal', 'court', 'funding', 'attorney', 'crime', 'u.s.', 'criminal', 'personal', 'grant', 'offenses', 'attorney', 'justice', 'title', 'foreign', 'enforcing', 'prisoner', 'terrorist', 'provisions', 'activities', 'agencies', 'officer', 'victims', 'department', 'united', 'law', 'regarding', 'commissions', 'informational', 'sec', 'make']"
On Passage: H R 4300 Western Hemisphere Drug Elimination Act,hr4300,4,1998,"['secretary', 'u.s.', 'united', 'foreign', 'united', 'defense', 'officer', 'activities', 'funding', 'department', 'international', 'intelligence', 'agencies', 'security', 'government', 'title', 'president', 'congress', 'military', 'committees', 'federal', 'assistance', 'director', 'establishes', 'countries', 'directs', 'sec', 'informational', 'personnel', 'sec']"
On Passage: H R 3736 Workforce Improvement and Protection Act,hr3736,0,1998,"['alien', 'visa', 'amends', 'immigrant', 'nations', 'immigrant', 'amends', 'attorney', 'attorney', 'petition', 'directs', 'directs', 'nonimmigrant', 'deportation', 'border', 'consideration', 'illegal', 'illegal', 'forth', 'set', 'child', 'adopt', 'u.s.', 'set', 'age', 'closed', 'respect', 'natural', 'sponsor', 'parents']"
On Agreeing to the Conference Report: H R 4194 VA-HUD Appropriations Act for FY 1999,hr4194,3,1998,"['title', 'child', 'secretary', 'funding', 'subtitle', 'support', 'federal', 'provisions', 'grant', 'educational', 'assistance', 'health', 'care', 'establishes', 'activities', 'payments', 'individuals', 'revise', 'plans', 'public', 'informational', 'eligible', 'make', 'fy', 'families', 'tax', 'income', 'set', 'parents', 'development']"
"On Agreeing to the Conference Report: H R 4328 Transportation and Related Agencies Appropriations, FY 1999",hr4328,1,1998,"['funding', 'department', 'federal', 'appropriations', 'administration', 'agencies', 'title', 'officer', 'make', 'secretary', 'supplemental', 'assistance', 'available', 'fy', 'prohibitions', 'emergency', 'supplemental', 'agriculture', 'health', 'related', 'loan', 'chapter', 'educational', 'sec', 'rescinds', 'management', 'defense', 'development', 'housing', 'commissions']"
On the Motion to Table S.Amdt. 130 to S. 544 (Emergency Oil and Gas Guaranteed Loan Program Act),s544,1,1999,"['funding', 'department', 'federal', 'appropriations', 'administration', 'agencies', 'title', 'officer', 'make', 'secretary', 'supplemental', 'assistance', 'available', 'fy', 'prohibitions', 'emergency', 'supplemental', 'agriculture', 'health', 'related', 'loan', 'chapter', 'educational', 'sec', 'rescinds', 'management', 'defense', 'development', 'housing', 'commissions']"
On Passage of the Bill S. 254,s254,2,1999,"['federal', 'court', 'funding', 'attorney', 'crime', 'u.s.', 'criminal', 'personal', 'grant', 'offenses', 'attorney', 'justice', 'title', 'foreign', 'enforcing', 'prisoner', 'terrorist', 'provisions', 'activities', 'agencies', 'officer', 'victims', 'department', 'united', 'law', 'regarding', 'commissions', 'informational', 'sec', 'make']"
On Passage of the Bill S. 886,s886,4,1999,"['secretary', 'u.s.', 'united', 'foreign', 'united', 'defense', 'officer', 'activities', 'funding', 'department', 'international', 'intelligence', 'agencies', 'security', 'government', 'title', 'president', 'congress', 'military', 'committees', 'federal', 'assistance', 'director', 'establishes', 'countries', 'directs', 'sec', 'informational', 'personnel', 'sec']"
On the Motion to Table S.Amdt. 1306 to S. 1217 (Hate Crimes Prevention Act of 1999),s1217,2,1999,"['federal', 'court', 'funding', 'attorney', 'crime', 'u.s.', 'criminal', 'personal', 'grant', 'offenses', 'attorney', 'justice', 'title', 'foreign', 'enforcing', 'prisoner', 'terrorist', 'provisions', 'activities', 'agencies', 'officer', 'victims', 'department', 'united', 'law', 'regarding', 'commissions', 'informational', 'sec', 'make']"
"On the Motion to Table S.Amdt. 1522 to S.Amdt. 1521 to S. 1233 (Agriculture, Rural Development, Food and Drug Administration, and Related Agencies Appropriations Act, 2000)",s1233,1,1999,"['funding', 'department', 'federal', 'appropriations', 'administration', 'agencies', 'title', 'officer', 'make', 'secretary', 'supplemental', 'assistance', 'available', 'fy', 'prohibitions', 'emergency', 'supplemental', 'agriculture', 'health', 'related', 'loan', 'chapter', 'educational', 'sec', 'rescinds', 'management', 'defense', 'development', 'housing', 'commissions']"
On Passage of the Bill S. 2045,s2045,0,2000,"['alien', 'visa', 'amends', 'immigrant', 'nations', 'immigrant', 'amends', 'attorney', 'attorney', 'petition', 'directs', 'directs', 'nonimmigrant', 'deportation', 'border', 'consideration', 'illegal', 'illegal', 'forth', 'set', 'child', 'adopt', 'u.s.', 'set', 'age', 'closed', 'respect', 'natural', 'sponsor', 'parents']"
On Agreeing to the Amendment: Amendment 7 to H R 1555,hr1555,4,1999,"['secretary', 'u.s.', 'united', 'foreign', 'united', 'defense', 'officer', 'activities', 'funding', 'department', 'international', 'intelligence', 'agencies', 'security', 'government', 'title', 'president', 'congress', 'military', 'committees', 'federal', 'assistance', 'director', 'establishes', 'countries', 'directs', 'sec', 'informational', 'personnel', 'sec']"
On Agreeing to the Conference Report: H R 1141 Emergency Supplemental Appropriations for FY 1999,hr1141,1,1999,"['funding', 'department', 'federal', 'appropriations', 'administration', 'agencies', 'title', 'officer', 'make', 'secretary', 'supplemental', 'assistance', 'available', 'fy', 'prohibitions', 'emergency', 'supplemental', 'agriculture', 'health', 'related', 'loan', 'chapter', 'educational', 'sec', 'rescinds', 'management', 'defense', 'development', 'housing', 'commissions']"
On Passage: H R 1401 National Defense Authorization Act for Fiscal Year 2000,hr1401,4,1999,"['secretary', 'u.s.', 'united', 'foreign', 'united', 'defense', 'officer', 'activities', 'funding', 'department', 'international', 'intelligence', 'agencies', 'security', 'government', 'title', 'president', 'congress', 'military', 'committees', 'federal', 'assistance', 'director', 'establishes', 'countries', 'directs', 'sec', 'informational', 'personnel', 'sec']"
On Passage: H R 1658 Civil Asset Forfeiture Reform Act,hr1658,2,1999,"['federal', 'court', 'funding', 'attorney', 'crime', 'u.s.', 'criminal', 'personal', 'grant', 'offenses', 'attorney', 'justice', 'title', 'foreign', 'enforcing', 'prisoner', 'terrorist', 'provisions', 'activities', 'agencies', 'officer', 'victims', 'department', 'united', 'law', 'regarding', 'commissions', 'informational', 'sec', 'make']"
On Agreeing to the Conference Report: S 1059 DOD Authorization for FY 2000,s1059,4,1999,"['secretary', 'u.s.', 'united', 'foreign', 'united', 'defense', 'officer', 'activities', 'funding', 'department', 'international', 'intelligence', 'agencies', 'security', 'government', 'title', 'president', 'congress', 'military', 'committees', 'federal', 'assistance', 'director', 'establishes', 'countries', 'directs', 'sec', 'informational', 'personnel', 'sec']"
"On Agreeing to the Conference Report: H R 1906 Agriculture, Rural Development, Food and Drug Administration, and Related Agencies Appropriations, FY 2000",hr1906,1,1999,"['funding', 'department', 'federal', 'appropriations', 'administration', 'agencies', 'title', 'officer', 'make', 'secretary', 'supplemental', 'assistance', 'available', 'fy', 'prohibitions', 'emergency', 'supplemental', 'agriculture', 'health', 'related', 'loan', 'chapter', 'educational', 'sec', 'rescinds', 'management', 'defense', 'development', 'housing', 'commissions']"
On Motion to Suspend the Rules and Pass: H R 2886 Immigration and Nationality Act Amendments Concerning Adopted Alien Less than 18 Years of Age,hr2886,0,1999,"['alien', 'visa', 'amends', 'immigrant', 'nations', 'immigrant', 'amends', 'attorney', 'attorney', 'petition', 'directs', 'directs', 'nonimmigrant', 'deportation', 'border', 'consideration', 'illegal', 'illegal', 'forth', 'set', 'child', 'adopt', 'u.s.', 'set', 'age', 'closed', 'respect', 'natural', 'sponsor', 'parents']"
"On Agreeing to the Conference Report: H R 2670 Departments of Commerce, Justice, and State, the Judiciary, and Related Agencies Appropriations Act, FY 2000",hr2670,1,1999,"['funding', 'department', 'federal', 'appropriations', 'administration', 'agencies', 'title', 'officer', 'make', 'secretary', 'supplemental', 'assistance', 'available', 'fy', 'prohibitions', 'emergency', 'supplemental', 'agriculture', 'health', 'related', 'loan', 'chapter', 'educational', 'sec', 'rescinds', 'management', 'defense', 'development', 'housing', 'commissions']"
On Passage: H R 3073 Fathers Count Act of 1999,hr3073,3,1999,"['title', 'child', 'secretary', 'funding', 'subtitle', 'support', 'federal', 'provisions', 'grant', 'educational', 'assistance', 'health', 'care', 'establishes', 'activities', 'payments', 'individuals', 'revise', 'plans', 'public', 'informational', 'eligible', 'make', 'fy', 'families', 'tax', 'income', 'set', 'parents', 'development']"
On motion to instruct conferees: H R 1501 Juvenile Justice Reform Act,hr1501,2,2000,"['federal', 'court', 'funding', 'attorney', 'crime', 'u.s.', 'criminal', 'personal', 'grant', 'offenses', 'attorney', 'justice', 'title', 'foreign', 'enforcing', 'prisoner', 'terrorist', 'provisions', 'activities', 'agencies', 'officer', 'victims', 'department', 'united', 'law', 'regarding', 'commissions', 'informational', 'sec', 'make']"
"On Passage: H R 4690 Departments of Commerce, Justice, State, and the Judiciary Appropriations for FY 2001",hr4690,2,2000,"['federal', 'court', 'funding', 'attorney', 'crime', 'u.s.', 'criminal', 'personal', 'grant', 'offenses', 'attorney', 'justice', 'title', 'foreign', 'enforcing', 'prisoner', 'terrorist', 'provisions', 'activities', 'agencies', 'officer', 'victims', 'department', 'united', 'law', 'regarding', 'commissions', 'informational', 'sec', 'make']"
On Agreeing to the Conference Report: H R 4425 Military Construction Appropriations for F.Y. 2001,hr4425,1,2000,"['funding', 'department', 'federal', 'appropriations', 'administration', 'agencies', 'title', 'officer', 'make', 'secretary', 'supplemental', 'assistance', 'available', 'fy', 'prohibitions', 'emergency', 'supplemental', 'agriculture', 'health', 'related', 'loan', 'chapter', 'educational', 'sec', 'rescinds', 'management', 'defense', 'development', 'housing', 'commissions']"
On Passage: H R 4678 Child Support Distribution Act,hr4678,3,2000,"['title', 'child', 'secretary', 'funding', 'subtitle', 'support', 'federal', 'provisions', 'grant', 'educational', 'assistance', 'health', 'care', 'establishes', 'activities', 'payments', 'individuals', 'revise', 'plans', 'public', 'informational', 'eligible', 'make', 'fy', 'families', 'tax', 'income', 'set', 'parents', 'development']"
On Agreeing to the Conference Report: H R 3244 Trafficking Victims Protection Act,hr3244,2,2000,"['federal', 'court', 'funding', 'attorney', 'crime', 'u.s.', 'criminal', 'personal', 'grant', 'offenses', 'attorney', 'justice', 'title', 'foreign', 'enforcing', 'prisoner', 'terrorist', 'provisions', 'activities', 'agencies', 'officer', 'victims', 'department', 'united', 'law', 'regarding', 'commissions', 'informational', 'sec', 'make']"
"On Agreeing to the Conference Report: H R 4577 Making Appropriations for Labor, Health and Human Services for Fiscal Year 2001",hr4577,1,2000,"['funding', 'department', 'federal', 'appropriations', 'administration', 'agencies', 'title', 'officer', 'make', 'secretary', 'supplemental', 'assistance', 'available', 'fy', 'prohibitions', 'emergency', 'supplemental', 'agriculture', 'health', 'related', 'loan', 'chapter', 'educational', 'sec', 'rescinds', 'management', 'defense', 'development', 'housing', 'commissions']"
On Passage of the Bill S. 1510,s1510,2,2001,"['federal', 'court', 'funding', 'attorney', 'crime', 'u.s.', 'criminal', 'personal', 'grant', 'offenses', 'attorney', 'justice', 'title', 'foreign', 'enforcing', 'prisoner', 'terrorist', 'provisions', 'activities', 'agencies', 'officer', 'victims', 'department', 'united', 'law', 'regarding', 'commissions', 'informational', 'sec', 'make']"
On the Conference Report S. 1214,s1214,4,2002,"['secretary', 'u.s.', 'united', 'foreign', 'united', 'defense', 'officer', 'activities', 'funding', 'department', 'international', 'intelligence', 'agencies', 'security', 'government', 'title', 'president', 'congress', 'military', 'committees', 'federal', 'assistance', 'director', 'establishes', 'countries', 'directs', 'sec', 'informational', 'personnel', 'sec']"
On Motion to Suspend the Rules and Pass: H R 1885 Section 245(i) Extension Act,hr1885,0,2001,"['alien', 'visa', 'amends', 'immigrant', 'nations', 'immigrant', 'amends', 'attorney', 'attorney', 'petition', 'directs', 'directs', 'nonimmigrant', 'deportation', 'border', 'consideration', 'illegal', 'illegal', 'forth', 'set', 'child', 'adopt', 'u.s.', 'set', 'age', 'closed', 'respect', 'natural', 'sponsor', 'parents']"
"On Motion to Suspend the Rules and Pass, As Amended: H R 1209 Child Status Protection Act",hr1209,0,2001,"['alien', 'visa', 'amends', 'immigrant', 'nations', 'immigrant', 'amends', 'attorney', 'attorney', 'petition', 'directs', 'directs', 'nonimmigrant', 'deportation', 'border', 'consideration', 'illegal', 'illegal', 'forth', 'set', 'child', 'adopt', 'u.s.', 'set', 'age', 'closed', 'respect', 'natural', 'sponsor', 'parents']"
On Passage: H R 2586 Department of Defense Authorization for Fiscal Year 2002,hr2586,4,2001,"['secretary', 'u.s.', 'united', 'foreign', 'united', 'defense', 'officer', 'activities', 'funding', 'department', 'international', 'intelligence', 'agencies', 'security', 'government', 'title', 'president', 'congress', 'military', 'committees', 'federal', 'assistance', 'director', 'establishes', 'countries', 'directs', 'sec', 'informational', 'personnel', 'sec']"
On Passage: H R 2975 To Combat Terrorism,hr2975,2,2001,"['federal', 'court', 'funding', 'attorney', 'crime', 'u.s.', 'criminal', 'personal', 'grant', 'offenses', 'attorney', 'justice', 'title', 'foreign', 'enforcing', 'prisoner', 'terrorist', 'provisions', 'activities', 'agencies', 'officer', 'victims', 'department', 'united', 'law', 'regarding', 'commissions', 'informational', 'sec', 'make']"
"On Motion to Suspend the Rules and Pass, as Amended: H R 3004 Financial Anti-Terrorism Act",hr3004,2,2001,"['federal', 'court', 'funding', 'attorney', 'crime', 'u.s.', 'criminal', 'personal', 'grant', 'offenses', 'attorney', 'justice', 'title', 'foreign', 'enforcing', 'prisoner', 'terrorist', 'provisions', 'activities', 'agencies', 'officer', 'victims', 'department', 'united', 'law', 'regarding', 'commissions', 'informational', 'sec', 'make']"
On Motion to Suspend the Rules and Pass: H R 3162 To deter and punish terrorist acts in the United States and around the world,hr3162,2,2001,"['federal', 'court', 'funding', 'attorney', 'crime', 'u.s.', 'criminal', 'personal', 'grant', 'offenses', 'attorney', 'justice', 'title', 'foreign', 'enforcing', 'prisoner', 'terrorist', 'provisions', 'activities', 'agencies', 'officer', 'victims', 'department', 'united', 'law', 'regarding', 'commissions', 'informational', 'sec', 'make']"
"On Agreeing to the Conference Report: H R 2500 Commerce, Justice, and State Appropriations for FY 2002",hr2500,1,2001,"['funding', 'department', 'federal', 'appropriations', 'administration', 'agencies', 'title', 'officer', 'make', 'secretary', 'supplemental', 'assistance', 'available', 'fy', 'prohibitions', 'emergency', 'supplemental', 'agriculture', 'health', 'related', 'loan', 'chapter', 'educational', 'sec', 'rescinds', 'management', 'defense', 'development', 'housing', 'commissions']"
On Passage: H R 3394 Cyber Security Research and Development Act,hr3394,4,2002,"['secretary', 'u.s.', 'united', 'foreign', 'united', 'defense', 'officer', 'activities', 'funding', 'department', 'international', 'intelligence', 'agencies', 'security', 'government', 'title', 'president', 'congress', 'military', 'committees', 'federal', 'assistance', 'director', 'establishes', 'countries', 'directs', 'sec', 'informational', 'personnel', 'sec']"
On Motion to Suspend the Rules and Agree to Senate Amendment: H R 1892 Family Sponsor Immigration Act,hr1892,0,2002,"['alien', 'visa', 'amends', 'immigrant', 'nations', 'immigrant', 'amends', 'attorney', 'attorney', 'petition', 'directs', 'directs', 'nonimmigrant', 'deportation', 'border', 'consideration', 'illegal', 'illegal', 'forth', 'set', 'child', 'adopt', 'u.s.', 'set', 'age', 'closed', 'respect', 'natural', 'sponsor', 'parents']"
On Agreeing to the Resolution: H RES 396 Providing for consideration of H.R. 3231; Immigration Reform and Accountability Act,hres396,0,2002,"['alien', 'visa', 'amends', 'immigrant', 'nations', 'immigrant', 'amends', 'attorney', 'attorney', 'petition', 'directs', 'directs', 'nonimmigrant', 'deportation', 'border', 'consideration', 'illegal', 'illegal', 'forth', 'set', 'child', 'adopt', 'u.s.', 'set', 'age', 'closed', 'respect', 'natural', 'sponsor', 'parents']"
On Passage: H R 3231 Immigration Reform and Accountability Act,hr3231,4,2002,"['secretary', 'u.s.', 'united', 'foreign', 'united', 'defense', 'officer', 'activities', 'funding', 'department', 'international', 'intelligence', 'agencies', 'security', 'government', 'title', 'president', 'congress', 'military', 'committees', 'federal', 'assistance', 'director', 'establishes', 'countries', 'directs', 'sec', 'informational', 'personnel', 'sec']"
On Motion to Suspend the Rules and Agree to Senate Amendments: H R 3525 Enhanced Border Security and Visa Entry Reform Act,hr3525,0,2002,"['alien', 'visa', 'amends', 'immigrant', 'nations', 'immigrant', 'amends', 'attorney', 'attorney', 'petition', 'directs', 'directs', 'nonimmigrant', 'deportation', 'border', 'consideration', 'illegal', 'illegal', 'forth', 'set', 'child', 'adopt', 'u.s.', 'set', 'age', 'closed', 'respect', 'natural', 'sponsor', 'parents']"
On Agreeing to the Conference Report: H R 3448 Public Health Security and Bioterrorism Preparedness and Response Act,hr3448,3,2002,"['title', 'child', 'secretary', 'funding', 'subtitle', 'support', 'federal', 'provisions', 'grant', 'educational', 'assistance', 'health', 'care', 'establishes', 'activities', 'payments', 'individuals', 'revise', 'plans', 'public', 'informational', 'eligible', 'make', 'fy', 'families', 'tax', 'income', 'set', 'parents', 'development']"
On Motion to Suspend the Rules and Pass: H R 4858 To Improve access to physicians in medically underserved areas,hr4858,0,2002,"['alien', 'visa', 'amends', 'immigrant', 'nations', 'immigrant', 'amends', 'attorney', 'attorney', 'petition', 'directs', 'directs', 'nonimmigrant', 'deportation', 'border', 'consideration', 'illegal', 'illegal', 'forth', 'set', 'child', 'adopt', 'u.s.', 'set', 'age', 'closed', 'respect', 'natural', 'sponsor', 'parents']"
On Motion to Suspend the Rules and Pass: H R 5063 Armed Forces Tax Fairness Act,hr5063,3,2002,"['title', 'child', 'secretary', 'funding', 'subtitle', 'support', 'federal', 'provisions', 'grant', 'educational', 'assistance', 'health', 'care', 'establishes', 'activities', 'payments', 'individuals', 'revise', 'plans', 'public', 'informational', 'eligible', 'make', 'fy', 'families', 'tax', 'income', 'set', 'parents', 'development']"
On Agreeing to the Conference Report: H R 4775 2002 Supplemental Appropriations Act for Further Recovery From and Response To Terrorist Attacks on the United States,hr4775,1,2002,"['funding', 'department', 'federal', 'appropriations', 'administration', 'agencies', 'title', 'officer', 'make', 'secretary', 'supplemental', 'assistance', 'available', 'fy', 'prohibitions', 'emergency', 'supplemental', 'agriculture', 'health', 'related', 'loan', 'chapter', 'educational', 'sec', 'rescinds', 'management', 'defense', 'development', 'housing', 'commissions']"
"On Motion to Suspend the Rules and Agree, As Amended: H CON RES 188 Expressing the sense of Congress that the Government of the People’s Republic of China should cease its persecution of Falun Gong practitioners",hconres188,4,2002,"['secretary', 'u.s.', 'united', 'foreign', 'united', 'defense', 'officer', 'activities', 'funding', 'department', 'international', 'intelligence', 'agencies', 'security', 'government', 'title', 'president', 'congress', 'military', 'committees', 'federal', 'assistance', 'director', 'establishes', 'countries', 'directs', 'sec', 'informational', 'personnel', 'sec']"
On Passage: H R 5005 Homeland Security Act,hr5005,4,2002,"['secretary', 'u.s.', 'united', 'foreign', 'united', 'defense', 'officer', 'activities', 'funding', 'department', 'international', 'intelligence', 'agencies', 'security', 'government', 'title', 'president', 'congress', 'military', 'committees', 'federal', 'assistance', 'director', 'establishes', 'countries', 'directs', 'sec', 'informational', 'personnel', 'sec']"
On Motion to Go to Conference: H R 1646 Department of State Authorization for FY 2002 and 2003,hr1646,4,2002,"['secretary', 'u.s.', 'united', 'foreign', 'united', 'defense', 'officer', 'activities', 'funding', 'department', 'international', 'intelligence', 'agencies', 'security', 'government', 'title', 'president', 'congress', 'military', 'committees', 'federal', 'assistance', 'director', 'establishes', 'countries', 'directs', 'sec', 'informational', 'personnel', 'sec']"
On Motion to Suspend the Rules and Agree: H CON RES 297 Recognizing the historical significance of 100 years of Korean immigration to the United States,hconres297,4,2002,"['secretary', 'u.s.', 'united', 'foreign', 'united', 'defense', 'officer', 'activities', 'funding', 'department', 'international', 'intelligence', 'agencies', 'security', 'government', 'title', 'president', 'congress', 'military', 'committees', 'federal', 'assistance', 'director', 'establishes', 'countries', 'directs', 'sec', 'informational', 'personnel', 'sec']"
"On Agreeing to the Conference Report: H R 2215 To authorize appropriations for the Department of Justice for fiscal year 2002, and for other purposes.",hr2215,2,2002,"['federal', 'court', 'funding', 'attorney', 'crime', 'u.s.', 'criminal', 'personal', 'grant', 'offenses', 'attorney', 'justice', 'title', 'foreign', 'enforcing', 'prisoner', 'terrorist', 'provisions', 'activities', 'agencies', 'officer', 'victims', 'department', 'united', 'law', 'regarding', 'commissions', 'informational', 'sec', 'make']"
On Passage: H J RES 122 Making further continuing appropriations for the fiscal year 2003,hjres122,1,2002,"['funding', 'department', 'federal', 'appropriations', 'administration', 'agencies', 'title', 'officer', 'make', 'secretary', 'supplemental', 'assistance', 'available', 'fy', 'prohibitions', 'emergency', 'supplemental', 'agriculture', 'health', 'related', 'loan', 'chapter', 'educational', 'sec', 'rescinds', 'management', 'defense', 'development', 'housing', 'commissions']"
"On Motion to Suspend the Rules and Pass, as Amended: H R 2155 To amend title 18, United States Code, to make it illegal to operate a motor vehicle with a drug or alcohol in the body of the driver at a land border port of entry.",hr2155,0,2002,"['alien', 'visa', 'amends', 'immigrant', 'nations', 'immigrant', 'amends', 'attorney', 'attorney', 'petition', 'directs', 'directs', 'nonimmigrant', 'deportation', 'border', 'consideration', 'illegal', 'illegal', 'forth', 'set', 'child', 'adopt', 'u.s.', 'set', 'age', 'closed', 'respect', 'natural', 'sponsor', 'parents']"
On Passage: H R 5710 Homeland Security Act,hr5710,4,2002,"['secretary', 'u.s.', 'united', 'foreign', 'united', 'defense', 'officer', 'activities', 'funding', 'department', 'international', 'intelligence', 'agencies', 'security', 'government', 'title', 'president', 'congress', 'military', 'committees', 'federal', 'assistance', 'director', 'establishes', 'countries', 'directs', 'sec', 'informational', 'personnel', 'sec']"
